protocol,packet_length,destination_port,url_length,request_count
0,847,53,23,3
0,1029,8080,80,23
0,507,443,9,19
0,267,443,1,25
0,40,443,22,10
0,620,443,27,16
0,340,443,1,21
0,450,80,50,23
0,794,80,19,9
0,604,80,51,6
0,993,53,58,9
0,536,443,20,29
0,1030,443,41,5
0,373,80,37,9
0,1180,443,69,16
0,885,80,27,29
0,506,53,11,11
0,933,80,42,8
0,303,80,52,1
0,226,443,78,16
0,1097,80,57,24
0,1326,443,49,31
0,739,80,31,5
0,614,443,40,14
0,622,80,58,8
0,687,80,17,11
0,717,8080,83,19
1,828,53,0,24
0,755,8080,45,6
0,682,80,55,24
0,656,443,1,8
0,401,443,75,1
0,1300,443,46,12
0,460,53,39,4
2,1214,443,0,6
0,1226,443,7,14
0,437,53,37,11
0,499,53,31,26
0,831,53,2,9
0,446,80,37,1
0,801,53,4,1
0,766,80,21,27
0,402,53,23,22
0,749,53,54,13
0,1500,80,3,8
0,865,80,39,1
0,1500,53,38,1
0,830,80,17,11
0,489,80,8,12
1,642,443,0,21
0,765,443,51,29
0,1169,443,24,25
0,1252,80,37,7
0,330,80,28,20
0,797,80,57,21
0,1259,80,60,12
0,1324,80,42,8
0,1020,443,38,20
0,1027,80,67,3
0,1500,443,56,15
0,976,443,26,2
0,1141,53,6,26
0,1318,443,30,31
0,828,443,81,14
0,341,443,52,4
0,1266,443,10,6
0,167,53,35,23
0,1341,8080,25,12
0,198,443,42,3
0,445,443,26,6
0,900,80,50,22
0,978,443,10,30
0,901,53,62,27
1,62,8080,0,7
0,903,443,3,18
0,1035,443,46,19
0,865,443,78,15
0,539,443,1,15
0,40,80,23,23
0,798,8080,36,10
0,881,443,11,23
0,943,8080,22,8
0,878,443,56,13
0,705,443,50,6
0,651,80,12,32
0,573,80,25,9
0,828,80,49,8
0,937,443,41,34
0,658,443,32,15
1,1431,80,0,20
0,791,80,25,5
0,1038,443,1,20
0,40,443,63,9
0,356,80,40,23
0,56,443,17,5
0,1500,443,29,7
0,1011,443,37,16
0,430,53,40,26
0,441,443,44,9
0,257,80,11,22
0,1500,443,19,7
0,662,80,22,10
0,358,53,32,6
1,826,443,0,7
0,1102,80,4,22
0,135,443,71,1
0,1074,53,37,15
0,718,80,47,4
0,1035,443,47,6
1,1114,443,0,9
2,236,443,0,11
0,996,443,30,17
1,1130,443,0,21
1,728,80,0,17
1,1273,443,0,17
0,1160,53,36,32
0,95,80,18,17
0,947,80,85,4
0,1500,443,13,11
0,588,443,52,12
1,831,53,0,20
0,845,443,35,22
0,1073,80,52,12
0,277,443,24,9
0,693,53,82,1
0,1148,443,57,16
0,1270,80,74,23
0,1112,443,29,23
0,437,443,23,24
0,1024,80,18,21
0,611,80,1,14
0,580,443,1,18
2,504,443,0,1
0,743,443,37,2
1,693,80,0,32
0,790,80,60,24
0,1127,8080,5,1
0,704,443,48,19
0,40,80,35,30
0,934,443,20,24
0,836,80,15,13
0,1351,443,31,26
0,731,443,8,14
0,485,443,63,13
0,79,8080,23,11
0,1185,443,54,12
0,871,443,43,12
0,423,80,38,5
1,1500,53,0,15
0,1138,443,44,18
1,974,443,0,24
2,1036,53,0,18
0,944,80,58,10
0,319,443,55,1
0,556,80,38,1
0,648,443,22,19
0,599,80,48,19
0,1002,443,22,9
2,498,80,0,9
2,946,443,0,2
1,512,443,0,7
0,917,80,52,13
0,763,443,35,6
0,381,443,38,34
0,1243,80,20,14
0,620,443,10,1
0,1123,443,32,17
0,990,80,1,17
0,820,80,11,13
0,1132,80,55,5
0,747,80,23,18
0,757,443,48,9
2,561,443,0,1
0,400,443,10,3
0,1151,80,48,14
2,636,443,0,10
0,331,443,80,14
0,1015,443,49,16
0,1389,80,52,1
0,954,80,29,8
0,363,80,44,9
0,787,443,50,21
0,1188,53,17,28
0,40,443,40,21
0,40,80,29,6
0,935,443,52,1
0,735,443,39,31
0,438,80,26,1
0,1422,443,38,27
0,40,443,24,14
0,67,53,39,20
0,309,80,61,17
1,728,443,0,13
0,1140,53,1,2
0,752,53,8,10
0,1038,80,26,13
0,414,443,22,1
0,639,443,50,16
1,1163,443,0,25
1,816,80,0,15
2,746,80,0,7
1,779,443,0,3
0,1131,53,53,5
0,1229,443,16,21
0,880,443,12,20
0,750,80,60,7
0,986,443,24,2
0,286,53,36,24
0,466,53,30,16
0,606,443,15,13
2,599,80,0,7
0,585,443,14,15
0,342,443,15,28
0,338,443,56,13
0,702,443,31,19
0,1248,53,25,12
0,444,80,53,26
0,351,443,65,18
0,40,443,27,9
0,895,443,11,24
0,516,443,4,9
0,649,443,1,10
0,788,443,32,18
0,408,80,70,21
0,998,80,35,8
0,737,53,29,16
1,40,443,0,30
0,584,80,69,26
0,482,8080,67,23
0,1014,80,40,19
0,1161,443,30,13
0,1176,443,1,14
0,1500,443,20,19
0,950,80,48,13
2,1057,80,0,16
0,1500,443,1,19
0,1073,443,33,27
0,906,443,42,34
2,1246,80,0,21
0,442,443,24,4
0,378,53,32,21
0,818,80,43,26
0,761,8080,48,15
0,731,80,3,11
0,1127,443,4,7
0,932,8080,52,3
1,541,8080,0,13
0,741,80,29,13
0,390,80,24,1
0,832,443,33,20
0,446,80,40,15
0,1209,443,75,18
0,681,80,54,32
0,485,80,8,15
0,1500,80,40,15
0,1059,80,1,8
1,1233,443,0,11
0,801,443,47,21
0,875,443,35,14
0,991,443,27,28
0,608,443,44,9
0,40,80,21,13
0,995,8080,54,20
0,1345,80,19,37
0,1368,443,18,31
0,1091,53,7,1
0,963,443,1,9
1,748,53,0,8
0,475,53,19,13
1,1102,80,0,12
0,686,80,23,7
2,522,80,0,14
0,726,53,48,12
0,1455,53,13,4
2,1005,443,0,18
0,694,443,31,15
0,942,443,1,26
0,1164,443,29,20
0,531,8080,76,12
0,842,80,28,19
0,1028,443,27,8
0,1221,80,1,20
0,687,80,6,13
0,704,443,52,5
0,648,443,48,11
0,387,443,30,23
0,711,53,40,2
0,1064,443,1,25
0,1338,443,50,17
0,837,443,29,23
2,1047,80,0,11
1,773,443,0,4
0,1252,443,36,20
0,965,443,8,22
0,1157,80,25,1
0,687,53,28,25
0,822,443,53,24
0,387,443,36,26
0,1117,443,1,30
0,1157,53,19,13
1,528,443,0,1
0,791,8080,43,10
0,1367,80,51,14
0,762,443,1,14
0,986,80,1,1
0,790,53,1,18
2,859,8080,0,11
0,936,80,64,31
0,429,8080,22,31
0,648,80,52,7
0,795,53,55,12
0,565,80,40,13
0,763,443,5,11
1,840,80,0,20
0,680,53,49,10
0,515,80,47,21
0,820,443,37,16
2,902,80,0,19
2,513,80,0,11
0,348,53,66,7
0,890,80,37,10
0,953,8080,34,27
0,915,80,20,13
0,485,80,64,17
0,568,53,1,24
2,480,80,0,5
0,368,443,51,18
0,1145,443,46,18
0,554,53,18,1
0,1014,80,6,43
0,707,443,48,4
0,429,443,37,17
0,466,443,46,10
0,1437,443,36,24
0,938,80,85,14
0,940,443,37,15
0,1281,443,52,24
0,1182,8080,81,7
0,651,53,18,10
0,878,53,38,9
1,575,443,0,1
1,1099,80,0,11
0,480,53,10,1
0,394,53,53,14
0,868,53,29,18
0,692,443,21,24
1,209,443,0,1
1,371,443,0,1
0,1452,53,43,3
0,618,443,22,18
0,428,53,30,1
0,762,80,33,13
0,1264,443,45,3
1,721,53,0,11
1,1246,443,0,20
0,648,443,41,14
0,606,443,38,15
0,594,80,37,12
0,450,80,1,6
1,1194,443,0,18
0,1317,443,12,14
0,377,443,13,19
0,753,80,43,18
0,1347,443,13,27
1,713,80,0,15
0,606,80,24,20
2,700,53,0,8
0,1011,80,42,28
0,915,53,35,8
0,1008,443,10,13
0,327,80,1,7
0,72,80,61,2
0,817,443,50,1
0,363,80,32,18
2,250,80,0,24
0,867,80,63,8
1,628,53,0,16
0,1169,53,9,14
0,1078,53,12,1
0,766,443,45,23
0,1047,443,26,5
0,835,443,26,7
0,1197,80,23,31
0,1149,443,25,1
0,1075,80,26,13
2,1327,443,0,10
0,941,443,30,14
0,538,443,42,31
0,830,53,52,15
0,1117,8080,26,14
0,747,80,20,6
0,645,53,33,19
0,1043,443,3,30
0,1309,53,29,15
0,140,53,23,20
0,303,443,1,4
0,1500,53,74,1
0,527,80,54,19
1,592,443,0,9
0,1270,8080,66,21
0,423,443,23,3
0,533,443,27,9
2,1085,8080,0,12
0,1500,80,15,18
0,1009,443,1,7
0,1426,443,33,1
0,1174,443,1,2
0,1465,443,30,22
0,1224,53,62,12
0,186,443,12,7
0,862,80,35,5
0,1081,443,7,17
0,312,443,58,7
0,1020,443,19,9
0,734,80,20,1
0,1332,443,22,21
0,1057,80,53,6
0,654,80,11,15
0,1122,443,26,7
0,715,443,39,34
0,302,443,45,6
0,977,53,1,16
0,440,443,17,21
0,1212,80,61,19
0,564,443,40,25
0,930,8080,46,25
0,839,443,5,6
0,415,80,35,25
0,289,53,40,4
0,1422,53,39,20
0,656,443,32,14
2,1018,80,0,22
0,921,443,6,14
0,1054,80,11,16
0,87,80,47,16
0,704,443,14,1
0,1110,80,49,15
2,840,80,0,24
1,835,53,0,9
0,83,80,22,23
0,544,53,13,6
0,939,443,26,18
0,716,80,25,29
0,1500,53,23,12
0,1146,443,44,22
0,717,8080,58,16
0,125,443,36,22
0,40,443,44,25
0,629,443,38,26
0,819,443,14,10
0,846,80,9,6
0,265,80,36,7
0,841,443,44,27
2,887,443,0,15
0,769,443,36,20
0,904,80,22,30
0,1042,443,28,19
0,355,80,41,30
0,711,53,19,5
0,712,80,29,4
0,1226,53,31,13
0,40,53,55,27
0,902,443,42,13
0,1364,80,32,27
1,601,443,0,21
0,113,80,1,33
0,1036,80,48,25
0,40,80,37,20
0,176,80,49,12
0,1383,53,19,1
0,1102,443,30,21
0,649,80,30,22
0,705,80,1,1
0,1190,443,43,29
0,1272,443,32,1
0,980,443,47,9
0,865,53,13,1
0,728,53,23,26
0,1456,80,28,1
0,495,80,73,1
0,1021,443,37,14
0,599,53,50,7
0,521,443,54,26
0,992,443,6,28
0,1294,80,42,19
0,1046,443,45,2
1,1090,8080,0,27
0,1124,443,1,8
0,302,443,48,7
0,477,53,65,35
0,1259,443,20,24
0,382,80,50,1
0,40,443,53,25
0,766,443,32,31
0,798,443,31,7
0,945,80,30,26
0,1500,443,34,8
0,515,443,36,3
0,880,443,59,7
0,871,443,12,17
0,849,53,34,26
1,896,80,0,9
0,40,80,30,14
0,701,53,42,19
0,347,80,32,27
0,456,443,67,18
0,729,443,38,18
0,786,443,28,27
0,210,53,17,8
0,638,443,52,14
0,52,443,55,1
0,1177,80,21,15
0,850,443,6,29
0,321,80,59,14
0,301,80,46,4
0,738,53,46,24
0,935,443,32,12
0,954,80,54,3
0,1184,80,12,19
1,40,53,0,6
1,945,80,0,4
0,773,80,41,1
2,260,443,0,3
0,658,443,14,10
0,1357,80,69,14
0,1172,53,28,22
0,410,443,45,35
0,174,443,11,14
0,906,443,44,15
0,1033,80,1,16
0,1413,53,35,10
0,1060,80,38,2
0,1364,443,39,22
0,795,80,14,22
0,711,80,8,1
0,706,443,33,11
0,1255,53,1,9
0,1262,443,26,8
0,1002,443,45,24
0,1390,443,42,12
0,182,80,48,17
0,1038,443,40,17
0,435,53,31,8
0,842,53,26,18
0,1070,53,42,19
0,556,443,29,17
0,703,443,40,18
0,1189,80,19,21
0,905,53,19,26
0,826,53,64,21
0,500,443,43,21
0,1261,53,25,7
0,1022,80,17,9
0,987,53,17,20
0,1069,80,31,16
0,885,443,51,1
2,815,443,0,16
0,520,80,22,1
0,1278,443,25,7
0,545,53,43,1
0,588,80,12,13
0,892,80,38,17
1,107,443,0,28
0,1400,443,3,1
0,416,80,30,1
1,829,53,0,1
0,1183,80,39,31
0,999,53,44,12
0,686,443,50,6
0,1036,443,18,7
0,40,443,25,22
0,1072,80,45,11
0,1265,443,1,27
0,384,80,43,6
0,951,443,21,22
2,1500,443,0,1
0,764,53,25,27
0,40,80,46,14
0,119,443,42,13
0,797,80,39,22
0,843,80,56,18
0,857,443,22,12
0,567,443,38,24
0,790,80,31,18
0,40,443,6,35
0,800,443,45,22
0,641,443,66,23
0,265,443,21,18
0,1000,80,35,33
2,313,443,0,9
0,623,53,28,7
0,690,443,28,20
0,1169,443,44,9
2,687,53,0,27
0,552,443,21,22
0,1382,80,23,17
1,1017,80,0,18
0,1475,80,21,1
0,539,443,43,13
0,1236,80,39,10
0,823,443,59,16
0,1466,443,31,14
0,831,80,19,1
0,715,443,13,32
0,988,80,64,33
0,1130,443,28,17
0,293,80,67,24
0,1288,443,28,11
0,813,443,61,8
0,1299,443,13,21
0,1000,443,35,20
0,756,80,40,8
0,887,443,25,18
0,1224,443,9,18
0,40,443,10,11
0,1136,443,1,24
0,1203,443,24,9
0,1500,53,1,19
1,1155,80,0,9
0,759,443,43,10
0,290,80,26,35
0,821,443,8,26
0,1233,443,43,11
0,873,80,47,11
0,951,443,23,7
2,530,80,0,16
2,1030,443,0,2
0,1020,80,27,7
0,296,80,17,9
0,865,443,33,13
0,1306,80,50,13
0,761,443,47,31
0,959,443,50,18
1,1083,8080,0,21
0,463,443,43,21
0,1480,443,36,1
0,1251,443,37,9
1,1485,443,0,7
1,1025,80,0,10
0,823,53,18,22
0,918,80,27,20
0,448,443,50,22
0,759,80,30,18
0,166,80,55,17
2,1089,443,0,13
0,1261,80,59,15
0,686,80,43,1
0,1230,443,32,1
2,856,443,0,21
0,507,80,39,38
0,841,443,34,17
0,1191,80,14,22
1,1128,443,0,20
0,404,8080,1,13
2,958,443,0,28
2,1259,80,0,29
0,40,443,52,1
0,1140,80,42,42
0,994,80,38,25
0,773,443,18,15
0,912,443,32,5
0,623,443,46,21
0,1272,443,57,24
0,616,443,30,29
0,874,443,9,23
0,349,80,33,17
1,875,80,0,14
0,40,443,39,11
0,443,80,66,20
0,1463,443,26,22
0,1353,80,45,23
0,198,8080,37,4
0,626,80,68,7
0,1179,80,27,12
1,451,53,0,6
0,1265,443,39,7
0,1041,80,55,38
0,976,53,60,19
0,1500,443,23,11
0,102,443,1,10
0,720,80,36,1
0,1500,443,47,16
2,1045,443,0,22
0,329,443,44,17
0,500,80,36,5
0,1500,53,24,16
0,1187,443,32,13
0,775,443,59,1
0,1461,8080,16,18
2,1240,80,0,9
0,489,8080,60,17
0,706,53,73,26
0,1079,443,47,1
0,1042,80,32,27
0,897,443,49,6
0,644,80,39,10
0,588,443,69,19
0,399,80,35,23
0,621,53,39,22
0,694,8080,55,15
0,913,443,47,5
0,988,443,39,25
0,1253,80,10,22
0,955,53,28,27
1,291,443,0,17
0,1228,80,47,1
0,432,443,27,35
1,1444,443,0,11
0,646,53,20,22
0,135,443,45,23
0,1029,443,25,28
2,452,80,0,29
0,1500,443,51,14
0,106,80,35,8
1,984,80,0,1
0,234,80,59,1
0,913,80,43,9
0,464,8080,63,9
0,40,443,27,18
0,596,80,51,20
0,1097,443,38,32
0,915,8080,59,18
0,601,443,32,1
0,548,80,8,33
0,184,443,32,14
0,428,80,46,19
0,268,443,18,16
0,1238,8080,31,20
0,40,443,31,21
0,985,443,1,12
0,505,443,73,6
1,620,443,0,4
0,40,443,70,1
0,1353,53,26,18
0,1290,443,71,1
0,1040,80,12,5
0,1079,80,24,17
0,988,80,40,15
0,857,80,4,2
1,488,80,0,4
0,1029,443,8,15
0,456,53,48,15
0,1074,443,32,13
0,482,80,37,19
0,529,8080,35,7
0,393,443,34,1
0,537,53,44,29
0,983,443,1,5
0,553,443,33,28
0,1083,53,1,8
0,956,443,14,8
0,544,443,63,8
0,1390,80,6,7
0,522,80,18,17
0,438,53,33,13
0,1500,443,7,15
0,647,53,28,26
0,1500,443,12,14
0,457,80,16,20
0,1137,80,39,28
0,528,80,26,8
0,746,80,17,28
0,893,53,20,21
0,1111,443,73,14
0,108,443,34,1
0,346,443,19,17
0,601,443,73,13
0,1271,443,21,13
0,1500,443,50,31
0,433,80,48,9
0,795,443,24,11
0,40,443,74,5
0,856,80,24,18
0,1219,443,28,4
0,785,443,3,8
0,81,8080,16,25
0,445,443,45,1
0,1018,443,43,19
0,464,443,59,8
0,1413,80,31,1
0,491,80,68,10
2,727,80,0,28
0,543,80,8,22
0,778,443,36,23
0,1500,8080,8,1
0,584,80,28,26
0,972,443,62,23
0,664,80,37,11
0,1175,80,18,24
0,1236,80,41,8
1,435,443,0,2
0,832,80,12,31
0,988,443,27,7
0,125,53,50,22
1,248,443,0,19
0,1335,8080,49,7
0,1500,443,48,9
1,350,443,0,15
0,1072,80,40,15
0,995,80,24,25
1,504,80,0,10
0,614,443,18,15
0,396,443,22,36
0,875,80,15,25
0,622,8080,63,1
0,354,53,41,19
0,1360,443,46,21
0,987,443,79,1
0,203,443,23,22
0,1086,443,34,24
0,758,443,50,23
0,1373,443,40,6
0,802,443,51,14
0,539,443,32,1
0,1206,443,26,35
0,1400,8080,34,3
0,691,53,38,23
0,891,80,69,1
0,1289,443,1,13
0,1106,80,37,5
0,822,443,12,7
0,542,53,57,30
0,876,80,73,1
1,200,53,0,26
0,623,443,37,15
0,291,443,11,18
0,737,443,15,31
0,930,443,31,4
0,240,443,63,11
0,200,80,27,18
0,1236,443,32,10
0,691,80,49,12
0,332,80,1,17
0,633,53,23,29
0,807,443,42,10
0,1056,80,8,16
0,892,443,34,13
0,940,80,56,16
0,881,80,29,7
0,621,443,44,16
0,1246,80,31,22
1,1395,80,0,26
2,679,443,0,5
2,435,53,0,5
0,370,443,15,26
0,254,443,1,10
0,546,443,74,1
1,1128,53,0,13
0,944,80,25,7
0,1397,443,13,1
0,1221,80,43,11
0,830,8080,35,21
1,189,8080,0,39
0,590,443,38,8
0,1259,53,27,14
0,388,443,12,15
0,620,80,103,13
0,683,80,1,30
0,1174,443,42,8
0,1500,443,71,16
0,677,443,1,12
0,495,80,36,20
0,1050,443,57,3
1,336,53,0,3
0,1198,53,30,5
1,811,8080,0,15
0,1076,443,18,10
0,907,443,39,8
0,986,53,38,13
0,637,443,43,9
0,709,53,59,22
0,348,80,40,6
0,1067,443,76,9
0,1165,80,42,6
0,1439,443,46,29
0,392,80,31,20
0,993,80,33,12
0,637,443,47,8
0,1363,53,1,1
1,1028,53,0,10
0,606,8080,32,1
1,919,443,0,22
1,1065,80,0,7
0,676,443,11,18
0,1500,80,1,28
0,338,443,44,17
0,537,80,25,29
0,418,443,63,19
0,1003,80,56,27
0,234,53,13,40
0,936,443,34,12
2,1500,443,0,21
0,207,443,70,20
0,1464,443,32,1
0,946,80,45,13
0,376,80,41,2
1,1324,80,0,26
0,524,443,46,20
0,936,443,73,26
0,1018,80,32,12
1,222,53,0,21
2,829,443,0,11
0,422,80,37,17
0,438,80,35,22
0,476,53,63,6
0,529,443,45,27
1,1078,443,0,11
0,644,443,23,13
0,528,80,50,27
2,415,53,0,7
0,1441,443,1,20
0,582,443,48,16
1,695,80,0,9
0,491,80,45,1
0,924,53,17,5
0,538,8080,61,9
0,1274,443,86,6
0,1500,443,43,25
0,327,80,49,29
0,466,80,42,9
0,175,443,45,18
0,1066,443,44,26
0,500,443,34,30
1,1209,53,0,24
1,1308,53,0,3
0,783,8080,15,40
0,1323,443,22,19
1,1026,80,0,21
1,712,443,0,4
0,564,443,63,31
1,160,53,0,17
0,816,53,40,1
1,379,443,0,23
0,1051,53,37,23
0,974,443,28,4
2,126,443,0,12
0,281,80,12,13
1,1220,443,0,1
0,161,53,46,1
0,615,80,15,21
0,1156,443,41,19
0,898,53,69,13
0,40,443,45,23
0,1159,80,1,25
1,722,443,0,27
0,770,80,60,7
0,513,443,23,21
0,945,80,58,1
0,1218,80,16,8
0,209,80,40,10
0,1106,443,63,1
0,728,80,36,1
0,390,443,34,18
0,1094,443,30,25
1,1024,443,0,15
0,826,80,72,18
0,171,53,12,14
0,859,80,40,10
0,451,53,21,1
0,868,80,22,20
0,847,80,21,14
0,706,80,69,11
0,391,443,25,15
2,825,443,0,14
0,706,80,44,13
1,617,80,0,10
0,550,53,73,20
0,438,443,21,11
0,1213,80,7,7
0,883,443,61,1
0,1403,443,67,6
0,1021,80,40,14
0,786,53,19,9
0,666,80,63,12
0,1294,443,47,24
0,636,443,38,27
1,901,443,0,20
0,1039,80,26,9
0,189,8080,1,20
0,1002,443,20,22
0,457,80,26,16
0,748,443,31,21
2,787,443,0,21
0,1500,443,35,1
0,443,80,65,10
1,519,443,0,20
1,453,53,0,21
0,817,80,5,16
0,1202,80,1,5
0,1038,443,31,10
0,1013,80,20,21
0,964,443,19,14
0,1107,53,63,10
0,1400,80,34,15
0,732,80,25,15
1,721,80,0,15
0,749,80,22,5
0,1362,443,32,11
0,158,80,29,15
0,1077,80,7,13
0,619,443,22,15
0,875,53,69,6
0,746,443,15,16
2,585,80,0,18
0,715,53,51,31
0,947,443,82,9
0,1500,53,36,15
0,947,443,25,30
0,851,53,80,3
0,1111,443,15,10
0,582,443,51,3
1,210,443,0,13
0,648,443,34,28
0,40,80,31,19
0,851,80,59,20
0,207,443,27,16
2,909,443,0,1
1,616,443,0,25
0,712,80,28,8
0,778,443,40,33
0,1293,443,36,15
0,719,8080,13,23
0,778,443,74,8
0,971,80,1,20
0,299,443,42,11
0,492,80,39,5
0,747,80,46,5
1,1325,80,0,37
1,1254,80,0,1
0,1165,80,13,14
0,1162,80,43,17
0,1067,443,69,5
0,920,80,17,14
0,1056,443,70,20
0,1232,443,29,15
0,417,53,28,21
0,509,80,13,12
1,786,80,0,18
0,1175,443,37,11
0,538,53,59,1
0,628,443,36,11
0,1286,443,17,8
0,877,443,7,8
0,1500,8080,7,24
0,1233,443,27,1
0,946,443,72,15
0,598,443,9,8
0,1266,80,23,9
0,1174,80,4,9
0,40,80,23,14
0,899,80,30,19
0,879,8080,47,40
0,720,443,9,15
0,40,80,21,13
1,455,53,0,17
0,1407,443,1,13
1,492,80,0,12
1,1369,443,0,6
0,481,80,5,18
0,588,443,25,17
2,960,443,0,17
0,958,80,20,1
0,467,443,62,26
0,329,80,59,9
0,1220,53,39,9
0,1346,443,20,22
1,1088,443,0,6
1,376,443,0,23
0,1414,80,15,12
0,1242,8080,39,8
1,1141,443,0,13
0,405,80,54,19
0,466,80,30,10
0,799,53,16,16
0,1417,80,6,13
0,133,53,30,7
0,1112,443,11,35
0,990,443,9,18
0,555,443,68,12
0,1005,443,36,25
0,583,8080,44,8
0,761,443,67,15
0,891,443,16,14
2,689,53,0,19
1,1367,53,0,7
0,1120,443,20,15
0,663,443,52,10
0,302,443,43,3
0,880,443,5,12
0,967,443,61,10
0,788,443,8,26
0,979,80,31,1
0,420,443,69,12
0,1309,53,27,25
0,232,80,23,8
0,631,443,3,17
1,226,443,0,1
0,891,8080,22,15
0,607,443,85,21
0,947,8080,36,24
0,532,443,35,28
0,1255,443,57,12
1,108,80,0,34
0,546,53,31,14
1,726,80,0,20
0,1231,443,34,2
0,308,443,67,12
0,722,443,29,17
0,351,53,36,8
0,1500,443,22,16
0,690,8080,24,28
0,506,80,32,15
0,869,443,17,14
0,1304,443,59,15
1,798,443,0,17
0,40,53,30,8
0,554,80,53,21
0,1288,80,20,24
0,740,53,15,10
0,780,53,48,7
0,505,443,1,25
0,756,80,1,9
0,927,443,41,16
0,813,443,1,22
1,550,443,0,17
0,468,53,46,11
0,581,443,34,8
1,198,53,0,8
0,1038,53,30,1
0,930,443,25,35
0,1063,443,51,27
0,40,8080,56,8
1,660,443,0,35
0,900,443,45,19
2,1226,443,0,9
0,451,80,73,13
1,451,8080,0,7
1,859,80,0,14
0,1037,443,22,19
0,705,443,35,13
0,1084,443,8,26
1,1115,443,0,15
0,856,443,44,1
0,699,80,84,18
0,362,80,54,20
0,763,443,17,11
0,672,80,39,14
0,939,80,60,27
0,1090,443,45,19
0,1164,80,31,4
0,937,53,22,35
0,798,443,73,9
0,1087,443,31,18
0,291,443,62,3
0,856,80,38,19
0,78,443,21,15
1,1500,80,0,21
1,593,443,0,28
0,650,443,25,2
0,399,53,47,22
0,939,80,3,2
0,398,53,62,15
0,756,443,29,36
0,1468,443,49,12
0,987,443,38,14
0,395,80,66,25
0,677,443,36,5
0,1023,80,18,19
0,443,443,10,16
1,40,443,0,27
0,522,80,61,12
0,660,80,38,25
0,726,80,18,8
0,871,53,47,12
0,754,443,18,28
0,952,80,4,17
0,1236,443,29,6
0,697,443,55,7
0,600,80,29,18
0,825,80,30,26
0,874,53,1,1
0,868,80,44,4
0,711,53,20,10
0,1228,443,66,21
0,937,53,71,24
0,532,443,33,20
0,969,443,68,11
0,1117,443,1,12
0,1482,443,19,22
0,966,443,25,12
0,860,80,13,1
0,1320,443,49,15
1,577,443,0,6
0,1002,443,26,19
0,1031,80,27,27
2,1230,80,0,24
0,40,53,36,8
0,1437,443,26,28
0,1196,80,29,10
0,1222,443,29,14
0,715,8080,65,18
0,1154,80,33,8
0,897,443,23,12
0,1278,53,44,30
0,619,80,1,28
0,672,443,67,16
0,1500,443,24,1
0,950,443,44,29
0,798,80,45,1
0,155,80,16,1
0,1269,8080,58,14
0,579,443,30,9
0,585,443,1,10
1,806,443,0,1
2,1320,80,0,29
0,667,443,36,11
1,783,80,0,18
0,698,443,67,11
0,409,53,51,18
0,365,443,8,3
0,696,80,75,4
1,40,443,0,28
0,883,443,27,9
0,1376,443,1,20
0,1403,8080,26,14
1,531,80,0,9
0,248,443,46,24
0,844,443,1,10
0,1278,80,29,18
2,367,443,0,25
0,1500,80,17,22
0,1500,443,72,33
0,619,8080,65,27
0,1196,80,25,21
0,103,443,24,19
0,1407,443,37,18
0,980,443,1,41
0,728,443,26,17
1,1341,80,0,25
0,809,443,44,10
1,781,80,0,18
0,761,443,58,20
0,1132,443,38,21
0,724,53,11,28
0,1500,80,35,18
1,627,443,0,35
0,316,80,53,32
0,685,80,28,8
0,574,80,60,10
0,898,80,18,7
0,864,80,35,11
0,599,80,31,36
0,1261,80,42,17
0,690,443,39,15
0,599,80,53,14
0,1257,80,50,6
0,1042,80,16,8
2,853,443,0,18
0,1385,80,21,19
0,1174,80,23,31
2,1127,80,0,21
0,1329,8080,42,28
0,507,443,49,24
0,40,443,15,21
0,40,80,36,16
0,733,443,25,19
0,574,443,23,30
0,57,443,42,22
0,1304,443,48,23
0,704,8080,24,19
1,913,80,0,10
0,1465,443,41,3
0,295,443,45,11
0,1250,8080,31,22
0,216,443,44,23
0,690,53,64,20
0,1098,80,27,36
0,595,80,15,5
1,351,80,0,24
0,791,8080,62,7
0,48,443,63,12
0,881,443,6,1
0,1414,443,46,1
0,699,80,22,37
2,424,53,0,1
0,1157,443,50,16
0,921,443,39,21
0,1349,80,47,18
0,560,53,43,2
0,330,443,20,32
0,1331,80,79,33
0,907,443,36,4
0,828,443,51,6
0,650,80,64,3
0,679,443,29,22
0,630,80,29,11
0,534,80,30,14
0,1500,80,38,24
0,913,53,7,15
0,592,443,27,15
0,370,443,13,5
0,684,53,33,13
0,362,443,40,17
0,1381,80,19,21
1,1226,80,0,29
0,1143,443,21,15
0,860,443,1,21
0,749,443,43,28
1,868,443,0,25
0,1031,53,23,29
0,1163,80,5,1
0,195,80,17,1
0,1037,443,37,21
0,696,80,30,11
0,779,80,45,20
0,127,8080,56,17
0,1116,8080,43,5
0,775,443,52,15
0,40,80,38,6
0,976,443,35,19
0,1016,443,38,9
0,40,80,8,4
0,929,443,68,15
0,797,80,26,15
0,976,80,31,14
0,371,443,54,5
0,879,80,7,13
0,1396,53,50,12
0,669,443,21,1
0,795,443,18,25
0,730,80,38,3
0,767,443,35,20
0,1165,53,4,18
0,498,443,45,11
0,908,80,33,3
0,426,443,29,28
0,1223,443,28,41
0,1332,443,39,22
0,396,443,22,12
0,343,80,17,23
0,40,53,33,2
0,929,53,29,11
0,829,443,30,14
0,950,443,7,11
0,979,80,41,28
0,787,53,33,25
0,428,53,35,23
0,614,80,26,16
1,40,80,0,22
1,396,443,0,15
0,830,443,56,21
0,690,443,52,28
0,778,8080,42,13
0,260,443,11,22
0,1211,80,50,28
0,1115,443,21,13
1,1500,53,0,23
0,565,53,30,19
0,472,53,41,8
0,454,53,44,13
2,58,443,0,20
0,1356,443,44,32
0,981,53,26,9
0,1393,80,54,24
2,254,53,0,1
0,409,443,50,3
0,491,443,96,1
0,1355,80,28,10
1,692,443,0,10
0,906,53,26,5
0,689,443,21,19
0,574,443,30,23
0,384,443,58,15
0,597,443,31,1
0,1500,443,49,1
0,81,80,59,3
1,40,53,0,18
1,744,53,0,35
0,317,80,56,16
0,261,443,15,21
0,700,443,45,4
0,1043,53,33,15
0,870,80,43,25
0,422,443,43,32
0,1284,53,40,15
0,1500,443,47,5
0,198,80,28,4
0,218,80,68,14
0,565,443,47,30
0,848,443,36,16
0,823,443,53,9
0,441,80,27,2
0,1244,443,47,13
0,1119,80,45,27
0,389,443,25,16
0,1500,443,17,18
0,676,443,31,14
0,425,443,58,24
0,40,53,9,21
0,369,80,44,14
1,671,80,0,15
0,579,443,32,12
0,467,443,17,23
0,173,8080,86,11
0,700,443,35,21
0,289,53,64,19
0,932,80,64,21
0,767,443,41,13
0,746,80,51,22
0,1342,443,44,1
0,379,53,15,40
0,1172,443,58,7
0,393,443,53,23
0,1398,80,24,16
0,1072,80,53,11
0,1002,8080,41,33
0,906,443,1,11
0,521,53,11,32
0,649,443,51,1
0,986,443,12,1
0,1500,443,31,21
0,1361,80,28,17
0,303,443,45,21
0,909,443,65,13
0,441,443,21,25
0,316,443,15,14
0,891,443,35,28
0,641,80,31,13
0,1269,443,24,24
0,1200,443,30,15
0,379,80,29,18
0,635,80,54,27
0,789,80,16,26
0,395,443,51,24
0,1381,8080,32,7
0,941,53,43,12
0,556,443,23,20
0,1118,80,18,24
0,832,80,21,7
0,964,53,23,4
0,40,80,34,7
0,1110,53,26,22
0,758,443,1,5
0,715,53,39,5
1,1335,443,0,5
0,771,443,13,24
0,240,80,22,3
0,1500,80,13,16
0,40,443,68,7
0,1259,443,22,12
0,1086,80,33,24
0,305,53,60,17
0,954,443,27,25
0,1042,443,58,13
0,111,443,13,20
0,551,443,19,8
0,148,443,70,15
1,996,80,0,20
0,81,443,61,14
0,933,443,21,12
0,1123,80,44,12
0,1478,443,12,20
0,955,443,35,18
0,557,80,49,1
0,360,443,18,24
0,574,443,67,20
0,1479,443,46,8
1,851,443,0,5
0,1288,443,67,27
0,877,443,7,1
2,1090,80,0,7
0,886,443,14,25
0,1429,443,28,17
0,748,80,54,3
0,766,8080,21,10
0,419,80,3,16
0,1174,80,30,21
0,1090,80,4,2
0,741,80,21,19
0,1038,443,14,26
0,924,443,35,20
0,774,53,39,1
0,545,443,33,1
0,968,80,26,25
0,710,80,55,21
0,665,80,41,20
0,955,80,69,26
0,1177,80,36,1
0,855,443,9,16
0,387,53,21,13
0,1009,53,47,4
0,494,53,11,38
0,1226,80,29,15
0,673,8080,63,14
0,1044,80,17,14
0,365,443,49,19
2,588,443,0,5
0,106,443,41,1
0,653,53,14,20
0,794,443,40,27
1,478,80,0,11
0,561,443,39,1
0,1008,80,26,11
0,306,80,14,27
0,1159,80,28,10
0,774,53,23,11
0,957,443,38,17
1,548,80,0,26
0,676,80,48,4
0,254,53,49,7
1,1060,443,0,11
0,1097,443,25,8
1,644,80,0,1
2,519,443,0,1
0,1256,443,37,1
2,815,80,0,16
0,359,443,28,1
0,190,53,12,1
0,692,443,15,10
0,1055,80,19,1
0,40,80,51,17
1,819,443,0,13
0,1480,53,30,3
0,414,80,48,1
0,781,53,44,47
0,1206,443,11,11
0,935,443,14,26
0,418,80,38,17
0,411,443,23,21
0,1311,443,44,31
0,1500,443,39,35
0,380,53,52,11
0,738,443,33,2
0,332,80,41,22
0,415,53,42,1
0,543,443,38,19
0,965,443,49,19
0,40,443,23,12
0,634,8080,28,7
0,859,443,42,37
0,162,443,22,14
0,578,443,42,6
0,1500,80,15,20
0,634,443,47,11
0,1166,443,21,8
0,1226,443,46,21
0,887,80,23,25
0,768,80,38,16
0,1500,80,19,26
0,553,80,34,10
0,40,80,4,20
0,1325,80,37,20
0,1500,443,39,16
0,521,443,30,10
0,1500,443,21,16
0,1500,443,25,5
0,676,80,28,7
0,722,443,46,10
0,896,443,43,1
0,178,53,52,15
0,116,443,42,13
0,1239,80,57,1
0,805,80,42,25
0,1074,80,27,15
0,1211,80,51,29
0,877,443,40,5
1,475,443,0,5
1,868,443,0,27
0,1041,80,52,12
0,1145,443,65,33
0,455,443,26,6
1,833,443,0,17
0,40,443,32,16
0,574,443,57,15
0,40,443,24,2
0,1142,443,37,6
0,1207,443,63,12
0,410,443,34,10
0,431,443,40,20
0,551,443,29,19
0,1280,443,33,34
0,40,443,56,17
0,480,80,8,29
0,753,80,54,1
0,1008,443,30,8
0,668,80,49,3
0,1382,443,41,2
0,213,53,50,17
0,568,443,33,9
0,617,80,35,28
0,759,443,56,8
0,319,80,48,21
0,1187,443,60,14
0,1233,53,22,6
0,755,53,50,11
0,1499,80,50,1
0,804,443,19,12
0,1500,443,21,20
2,974,80,0,1
0,892,8080,18,15
0,1500,443,46,22
0,1145,80,1,20
1,496,443,0,1
0,635,443,41,22
0,592,80,69,14
0,904,80,62,12
0,1109,443,64,1
0,772,443,15,18
0,768,443,80,22
1,1377,443,0,30
0,1154,443,58,26
0,1500,443,48,22
0,1087,53,2,5
0,324,80,40,21
1,620,443,0,5
0,1024,443,18,21
0,1105,80,18,7
0,1126,8080,28,16
1,490,53,0,13
0,831,80,44,24
2,1105,443,0,19
0,165,80,19,12
0,1500,8080,21,11
0,368,80,45,9
0,897,80,50,6
0,513,80,20,24
1,40,443,0,21
0,1240,443,27,1
1,923,443,0,1
0,1345,53,25,16
0,314,443,52,10
0,926,443,44,20
0,718,53,39,15
0,970,443,16,27
0,1500,80,42,33
0,848,443,40,8
0,679,443,59,19
0,812,443,20,21
0,550,443,54,16
0,1174,443,15,31
0,724,80,46,1
0,869,443,25,9
0,790,80,20,6
0,1161,443,1,1
0,605,443,42,30
0,1500,443,1,8
0,856,8080,21,19
0,247,80,19,1
0,843,80,28,15
0,836,443,46,9
0,1148,443,49,8
0,197,443,53,19
2,500,443,0,5
0,208,443,3,18
0,1113,53,47,9
0,651,8080,1,18
0,861,443,34,23
0,634,443,15,1
0,564,443,41,9
0,891,443,24,7
0,1002,53,18,11
0,292,443,44,14
0,851,443,49,10
0,597,80,44,20
0,296,53,40,25
0,128,443,17,6
1,888,80,0,1
0,1238,443,22,22
0,712,80,85,6
1,688,443,0,15
0,246,443,32,25
0,98,443,36,16
0,1257,80,3,2
1,1448,443,0,11
0,846,443,32,14
0,1265,443,72,7
0,1500,80,54,1
0,1104,443,25,19
0,1337,53,57,11
0,1286,53,32,16
0,309,443,27,12
0,622,443,29,25
0,1150,53,12,15
0,709,443,45,8
0,400,443,15,6
1,1499,443,0,22
0,1500,80,35,6
0,516,53,42,26
0,1122,80,43,19
0,1382,443,49,17
1,694,443,0,9
2,688,80,0,23
0,633,53,59,13
0,883,443,38,16
0,747,443,20,27
0,1500,443,59,30
0,1500,443,12,5
0,1378,443,39,6
0,725,443,22,23
0,499,80,33,9
0,1169,443,26,1
0,1104,53,39,15
0,1429,443,86,19
0,631,443,29,24
0,381,443,74,17
0,881,443,12,10
0,1279,443,19,14
0,1320,443,22,9
0,648,80,76,8
0,537,80,57,26
0,736,443,53,1
0,683,80,25,24
0,89,443,40,19
0,1017,53,38,34
0,539,53,25,4
0,429,443,23,20
0,1394,80,32,19
0,241,443,19,10
0,1007,80,18,18
0,186,443,87,27
0,104,53,75,17
0,40,443,17,25
0,594,443,40,11
0,1125,443,55,14
0,539,53,49,14
0,221,53,24,13
0,1087,443,34,15
0,662,80,46,12
1,557,80,0,19
0,288,443,57,16
0,96,443,34,7
0,578,80,17,1
0,1111,53,45,24
0,404,80,30,16
0,645,80,7,27
0,361,80,39,15
0,102,80,13,32
0,503,443,32,30
0,432,443,21,24
0,1436,443,19,17
0,558,53,61,21
1,40,443,0,7
0,1209,80,36,10
0,956,443,32,1
0,1211,53,25,19
0,1292,8080,1,20
0,975,80,60,32
1,888,443,0,29
0,733,443,12,10
0,833,80,46,23
0,40,53,52,22
0,493,80,54,10
0,754,443,34,19
0,1500,443,38,19
0,1499,80,55,25
0,1490,443,37,13
0,1031,80,19,11
0,918,8080,44,17
0,509,443,3,24
0,779,80,42,34
0,772,53,72,1
0,759,53,68,1
0,743,443,1,8
0,971,443,29,1
0,403,443,30,10
0,957,443,43,19
1,767,80,0,7
0,976,80,44,16
0,893,443,2,12
0,1053,443,22,1
0,342,443,49,13
0,1483,443,1,2
0,261,53,37,3
1,1474,443,0,18
0,512,443,36,21
0,594,53,64,11
2,1250,53,0,1
0,152,443,30,2
0,1443,80,53,25
0,721,8080,1,8
0,482,80,52,22
0,586,443,40,26
0,813,443,54,13
0,1313,443,30,1
0,40,443,11,1
0,1046,443,58,4
0,885,443,55,2
0,1500,443,58,29
0,630,53,29,24
0,592,443,46,11
0,593,443,35,34
0,1500,80,48,30
0,1145,80,1,10
2,1174,53,0,22
0,40,443,21,18
2,1500,443,0,17
0,66,53,20,33
0,1500,443,49,23
0,351,443,29,14
0,427,443,32,13
0,1123,53,31,11
0,205,8080,26,3
2,1500,443,0,20
0,1386,53,38,21
0,800,443,47,1
0,675,80,47,6
2,455,80,0,6
0,1066,443,33,14
0,807,80,39,14
0,967,443,56,11
0,388,8080,33,30
0,673,443,32,2
0,1060,443,25,16
0,370,8080,42,11
0,799,443,36,1
2,471,80,0,6
0,1167,80,49,2
0,236,443,44,24
0,1157,443,1,16
1,696,53,0,16
0,1123,443,51,17
0,773,80,33,14
0,1056,80,12,18
0,447,443,42,17
0,1036,8080,52,39
0,1285,80,27,28
0,1500,80,18,23
1,1048,443,0,3
0,716,80,10,1
0,413,53,66,10
0,597,443,39,1
0,996,443,48,18
0,831,8080,41,27
0,911,443,40,8
0,1110,443,28,10
0,1091,53,45,29
0,852,80,13,7
0,568,443,33,24
0,506,53,34,22
0,1227,443,10,9
0,355,443,3,33
0,646,53,19,23
0,1057,80,37,24
0,498,443,44,10
0,321,443,34,29
0,1011,80,23,16
0,1153,443,47,22
0,1158,443,57,17
0,192,443,19,17
0,567,53,30,12
0,970,8080,24,29
0,920,53,1,25
0,1000,53,50,18
0,361,443,49,1
0,777,53,59,1
0,692,53,43,28
0,871,443,56,7
0,1500,80,7,27
0,797,53,42,36
2,946,80,0,9
0,1104,53,25,22
0,1270,443,44,1
0,953,80,1,22
1,313,80,0,18
0,353,80,22,2
0,588,80,20,1
0,736,8080,46,3
0,362,443,40,15
1,1018,443,0,27
0,264,80,39,11
0,452,443,36,25
0,282,443,46,1
2,268,443,0,14
2,1257,443,0,17
0,1206,80,47,22
0,864,443,48,23
0,357,80,7,20
0,40,80,39,14
2,763,80,0,20
0,732,80,10,24
0,1468,53,47,2
0,1338,443,37,13
0,461,53,43,22
0,959,443,45,28
1,1314,8080,0,25
0,1156,80,44,23
0,1227,53,10,16
0,1316,53,92,16
2,1075,443,0,2
0,828,443,23,16
0,1212,443,30,2
0,116,443,44,21
0,1032,53,36,34
0,1123,80,47,14
2,1146,443,0,11
0,854,80,45,6
0,652,443,24,16
0,1136,80,19,7
0,625,443,50,12
0,1301,443,19,17
0,653,80,20,11
0,503,443,52,16
0,1198,443,40,26
0,1160,53,56,18
1,760,443,0,6
0,830,80,37,4
0,40,443,66,20
0,1076,80,40,14
0,1153,443,24,23
0,540,443,38,26
0,762,53,3,21
0,714,443,28,14
0,893,443,19,20
2,1259,80,0,1
0,593,8080,31,18
0,675,443,30,19
0,390,80,18,21
0,1007,80,15,19
0,822,443,45,15
0,1098,80,34,11
0,923,80,33,14
1,1100,443,0,26
0,789,53,43,28
0,948,80,46,13
0,318,443,15,20
0,810,443,84,23
1,1409,443,0,1
1,665,443,0,1
0,625,53,29,14
0,516,443,15,29
0,433,443,25,11
0,921,53,40,20
0,321,443,43,17
1,664,8080,0,18
0,927,80,30,24
0,439,80,1,16
0,1285,53,9,23
0,281,443,21,17
0,923,443,31,1
0,684,443,20,6
2,723,80,0,11
0,40,80,71,4
0,1087,443,68,19
0,253,443,49,5
0,702,443,44,30
0,713,443,3,11
0,312,53,6,2
0,684,53,51,18
0,1500,443,36,8
0,757,80,40,22
0,1118,80,37,14
0,639,53,1,22
0,240,80,29,14
0,1130,80,54,16
2,1234,80,0,12
0,623,80,56,29
0,991,443,43,11
1,797,443,0,21
0,788,443,65,2
2,1090,80,0,40
0,862,443,56,17
0,196,443,76,19
1,950,443,0,5
0,912,443,2,35
0,1299,80,61,6
0,1319,443,47,13
0,266,80,19,1
0,1355,443,48,9
1,230,80,0,10
0,676,443,23,16
0,844,80,69,7
0,946,443,65,31
0,1466,443,41,34
0,555,80,40,17
0,744,80,10,23
0,1113,443,36,12
0,772,443,2,2
1,1096,443,0,29
0,1012,80,58,19
2,1164,443,0,14
0,1129,443,20,37
0,1118,53,50,11
2,568,443,0,2
0,1256,53,23,26
0,850,443,12,15
1,1154,443,0,3
0,1500,80,25,36
0,40,53,18,22
0,1500,8080,48,16
0,1003,8080,54,14
0,971,53,31,10
0,739,443,61,11
0,601,443,50,18
0,1084,443,28,30
0,882,443,36,14
0,1116,80,19,11
0,1120,443,10,26
0,808,80,12,1
0,1331,53,1,18
0,1175,443,42,20
1,106,8080,0,21
0,1500,443,44,4
0,841,443,1,1
2,399,443,0,2
0,718,443,31,7
0,449,53,25,32
0,1427,443,46,16
0,259,80,23,1
0,507,80,1,19
0,279,443,38,1
0,503,53,52,24
0,1152,443,8,14
0,805,80,57,19
0,876,443,31,1
1,1007,53,0,19
0,689,80,29,12
0,1395,8080,24,10
0,815,80,62,22
0,450,443,39,15
0,579,53,39,33
0,817,80,21,1
0,945,80,9,13
0,1322,80,53,13
0,724,443,11,15
0,818,443,31,14
0,1013,80,50,28
0,727,80,30,14
0,809,80,26,20
0,1500,443,41,24
0,1285,443,28,20
0,1219,80,41,12
0,630,53,56,24
0,1217,443,42,18
1,557,80,0,12
0,1024,80,15,5
0,620,443,31,31
0,926,443,36,16
0,1481,80,62,31
0,1323,443,16,17
0,701,80,44,29
1,694,80,0,25
0,929,443,1,3
0,711,443,36,45
0,775,443,8,21
0,390,80,48,3
0,1101,80,8,26
0,1144,443,41,7
0,694,443,1,33
0,1500,80,41,11
0,189,53,17,12
0,540,80,19,13
0,1036,443,85,1
0,526,443,24,1
0,750,443,45,1
1,817,443,0,15
0,729,443,50,18
0,172,443,41,1
0,1062,443,74,11
0,703,80,21,19
0,1109,443,29,2
0,761,53,2,1
0,633,8080,52,16
0,642,80,47,27
0,932,53,54,5
0,857,53,41,36
0,478,80,26,18
0,1461,443,25,10
0,40,443,16,13
0,1024,443,1,18
0,703,80,78,27
0,1237,443,24,9
0,895,443,42,19
0,811,80,6,20
0,676,80,15,15
0,883,53,68,18
0,1170,443,11,15
0,1185,443,55,1
0,1500,80,30,8
1,426,443,0,15
0,305,53,21,12
0,171,443,6,13
0,609,443,29,27
0,1094,53,36,10
0,40,443,30,16
0,186,443,52,4
0,98,443,31,3
0,1051,443,9,1
1,1186,8080,0,1
0,443,80,59,16
0,263,443,55,7
0,861,443,50,7
0,893,80,69,18
0,622,443,31,21
1,888,443,0,10
0,712,80,29,7
0,257,443,38,20
0,639,443,30,16
1,655,53,0,1
0,758,443,1,1
0,396,80,3,10
0,758,443,28,12
1,636,443,0,18
1,504,443,0,23
0,884,443,13,8
0,1143,443,57,11
0,1184,443,32,9
0,663,443,45,12
0,856,443,1,19
0,956,53,53,22
2,495,443,0,16
0,393,443,37,11
0,904,443,83,17
0,438,80,40,13
0,1006,80,58,40
0,1222,80,34,12
0,418,53,62,28
0,1500,443,42,19
0,547,80,29,12
2,811,53,0,15
0,284,80,42,39
0,612,53,26,1
1,1198,443,0,7
0,999,53,50,5
0,769,80,34,12
0,1194,443,1,6
0,978,80,26,24
1,779,53,0,22
0,629,443,41,24
0,776,80,39,6
0,496,443,47,15
0,470,80,42,30
0,1404,443,23,21
0,814,53,38,32
0,150,443,6,15
2,887,53,0,23
0,1184,443,44,19
0,1500,80,66,24
0,333,8080,48,19
0,793,53,17,9
1,858,443,0,15
0,946,80,71,1
0,40,443,20,5
0,1100,443,42,1
0,1345,80,47,1
0,937,80,34,9
0,1449,443,18,32
0,1031,80,6,6
0,1187,80,42,6
0,109,443,21,23
0,1250,443,67,7
1,660,443,0,10
0,1451,443,14,13
0,798,80,50,13
0,1044,53,50,15
0,1001,80,34,19
0,305,53,1,11
0,331,443,12,1
0,1026,80,19,16
0,1053,443,43,11
1,286,443,0,22
0,575,80,50,18
0,1500,80,7,9
0,927,443,73,25
0,479,443,23,18
0,638,443,43,9
0,742,80,61,33
0,1026,443,54,28
0,1500,443,48,12
0,1500,80,7,9
0,1500,443,31,1
0,171,53,38,23
0,40,53,23,18
2,1109,53,0,21
0,670,443,57,22
0,362,80,15,14
0,579,80,44,10
0,854,443,1,25
0,438,8080,73,4
0,1075,443,46,23
2,779,443,0,13
0,485,53,46,16
0,989,443,39,29
0,1274,443,21,11
0,582,443,39,6
0,873,53,46,3
0,1172,443,48,17
0,525,80,18,12
0,402,53,24,10
0,681,80,16,13
1,1046,443,0,19
2,275,443,0,21
0,879,443,43,21
0,755,80,41,1
0,905,53,65,11
0,733,80,49,2
0,236,443,33,13
0,932,53,48,18
0,697,443,24,19
0,1007,443,20,15
0,578,443,69,20
2,774,53,0,1
0,591,53,52,8
0,182,53,13,21
0,435,80,31,1
0,921,443,63,21
0,1401,80,52,21
0,1230,8080,27,14
0,878,80,72,16
0,1218,80,38,1
0,40,443,25,15
0,908,443,55,16
0,1004,443,31,4
0,513,443,46,17
0,1121,443,51,12
0,973,443,55,6
0,648,80,44,5
0,350,443,4,16
0,512,443,55,7
0,1039,53,25,22
0,1054,53,38,36
0,736,80,50,18
0,324,80,47,12
2,1140,8080,0,23
0,1215,443,27,7
0,997,80,76,5
0,729,80,43,26
0,1112,53,41,29
1,456,80,0,11
0,745,443,10,1
0,930,443,30,27
0,856,443,16,8
0,1175,80,20,21
0,1500,53,78,6
0,603,8080,18,9
0,954,443,36,29
0,1140,443,21,36
2,734,443,0,9
0,40,443,42,1
0,640,80,53,5
2,306,443,0,24
0,865,8080,36,28
0,879,80,75,4
0,835,8080,62,25
0,573,443,16,7
0,339,443,39,9
0,526,80,11,29
0,668,443,1,17
0,310,80,52,13
0,128,53,55,4
1,879,443,0,27
0,693,443,59,23
0,1131,443,51,1
0,1122,443,45,12
0,904,80,82,8
0,942,80,38,5
1,687,443,0,29
0,679,443,54,17
0,1013,80,36,24
0,40,443,1,26
0,390,8080,10,9
0,40,53,59,29
0,1500,80,46,39
0,593,443,59,19
0,840,80,1,24
0,483,443,62,4
0,562,80,26,7
0,711,80,13,26
2,696,443,0,27
0,689,443,34,1
0,579,443,30,10
0,174,8080,22,12
0,366,443,22,18
0,477,8080,33,18
0,357,53,23,12
0,332,443,44,22
0,609,80,34,10
0,958,443,29,21
0,188,53,46,22
2,1243,53,0,10
0,1271,80,44,29
0,984,80,24,21
0,1017,443,55,23
0,905,53,58,22
0,756,80,33,21
0,938,443,28,38
1,40,53,0,23
0,976,53,29,26
0,1041,443,32,17
0,741,443,48,6
0,136,443,17,14
0,777,443,42,1
0,1164,443,72,12
0,505,8080,12,22
0,644,53,49,23
0,1072,443,45,19
0,978,443,78,16
0,832,443,31,9
0,985,53,27,9
0,573,443,23,1
0,775,443,39,17
0,1167,443,39,1
0,868,443,12,14
0,831,443,56,25
0,936,443,73,14
0,40,443,9,13
0,1232,53,1,18
0,592,53,39,3
0,575,53,31,19
0,409,53,34,17
0,904,80,25,1
0,795,443,6,15
0,1113,53,29,14
0,557,80,56,15
0,393,53,36,12
0,40,443,26,16
0,1023,443,47,11
0,444,80,39,8
0,586,443,59,17
0,1500,443,70,33
1,961,443,0,6
0,824,443,25,22
1,813,80,0,8
0,974,443,68,10
0,452,443,19,25
0,942,443,75,7
0,40,443,66,19
0,541,443,70,5
0,1007,8080,24,14
0,828,443,26,9
0,823,443,26,17
0,804,53,11,10
0,349,80,15,1
0,341,443,52,12
2,1158,443,0,30
0,1422,443,37,9
0,392,443,30,6
0,889,8080,11,22
2,1154,443,0,17
0,589,443,1,9
0,600,443,32,23
0,290,443,37,13
0,1113,443,50,20
0,650,8080,47,9
0,867,443,40,13
2,446,80,0,31
0,619,80,19,4
0,40,443,23,9
1,1042,443,0,27
0,147,80,74,1
0,982,53,37,23
1,863,80,0,11
0,1488,443,1,14
2,749,53,0,1
0,786,80,40,14
0,1235,53,23,1
0,1145,443,2,1
0,1071,443,13,32
0,868,443,16,14
2,989,80,0,32
0,1097,80,34,21
0,1500,443,52,10
0,469,443,58,10
0,1500,80,25,17
0,711,80,24,13
0,1048,53,36,1
0,1080,53,15,35
0,723,80,57,22
0,757,53,26,13
0,606,53,46,5
2,955,443,0,25
0,1313,443,31,22
0,619,443,60,18
0,1500,8080,39,1
2,1500,443,0,1
0,336,443,47,22
0,1195,80,55,23
1,1046,443,0,15
0,393,443,7,18
0,1476,443,65,8
0,619,443,1,25
0,980,53,39,17
0,873,80,2,21
0,877,80,30,20
0,1159,53,9,13
0,1021,443,71,18
0,40,443,50,13
0,1179,443,32,11
0,866,443,74,25
0,40,80,1,5
0,469,443,39,26
0,717,80,53,20
0,1144,80,52,11
1,403,443,0,18
0,1158,443,1,12
0,1500,443,22,6
0,1410,443,20,9
0,1022,80,74,22
0,1213,53,66,12
0,40,80,36,14
1,1167,443,0,31
0,1193,443,48,11
0,1354,53,29,19
0,806,80,2,14
0,418,8080,7,18
0,40,443,56,25
0,623,443,33,8
0,342,443,41,3
2,992,80,0,4
0,247,443,77,7
0,867,443,27,28
0,472,443,26,11
0,858,80,43,19
0,142,80,45,15
0,1473,80,42,14
1,896,443,0,7
0,40,443,36,33
2,627,443,0,39
0,839,8080,37,16
0,731,80,17,16
0,316,80,51,7
0,1126,443,13,11
1,1253,80,0,13
0,308,80,53,20
0,40,53,5,24
1,1086,8080,0,12
1,895,443,0,39
0,1018,8080,40,2
0,65,443,1,10
0,916,80,24,15
0,669,80,23,22
0,1250,443,18,8
0,524,80,33,25
0,1009,443,73,8
0,598,80,43,9
0,535,443,24,13
0,1089,443,45,11
0,407,443,35,31
0,417,53,19,18
0,1173,443,38,25
0,600,443,58,17
2,1146,443,0,15
0,1277,443,48,5
0,738,80,55,12
0,1059,443,7,11
0,761,443,36,10
0,817,80,14,29
0,771,443,11,16
0,759,443,34,22
0,976,80,59,6
2,1106,443,0,6
1,1118,443,0,22
0,1072,443,11,4
0,526,80,37,17
0,651,443,47,3
0,1038,53,6,5
0,1051,80,8,23
0,781,53,8,16
0,544,443,4,26
0,1167,80,57,2
0,498,443,8,10
0,984,80,44,20
0,40,80,13,11
0,1250,80,50,15
0,404,53,16,21
0,857,53,33,24
0,907,443,59,1
0,937,443,46,23
0,1028,80,22,1
0,501,443,26,23
1,543,443,0,31
0,714,443,52,15
1,770,8080,0,1
0,878,443,2,24
0,736,80,39,8
0,126,443,1,15
0,1111,443,58,5
0,421,53,30,19
0,1500,443,13,12
1,872,443,0,19
0,325,443,28,32
0,1124,80,74,16
0,1141,443,1,7
0,363,53,42,13
0,246,443,20,24
0,1169,80,9,3
0,676,443,47,40
0,848,443,56,14
0,854,80,10,5
0,586,443,21,19
0,793,80,34,25
0,941,443,60,6
0,1098,80,41,23
2,1096,80,0,8
0,482,53,56,18
2,1201,80,0,14
0,424,443,58,2
0,1381,8080,1,28
0,124,80,22,7
0,898,443,24,19
1,968,80,0,10
0,1431,80,10,14
0,100,443,44,13
0,421,443,17,1
0,633,80,52,23
0,939,80,28,13
0,642,443,11,26
1,1364,443,0,10
0,592,443,10,3
0,880,53,61,8
0,1203,443,44,18
0,950,80,23,20
2,1145,443,0,26
0,411,443,63,27
0,40,80,39,20
0,884,80,26,4
0,452,443,56,19
0,420,443,45,24
1,565,80,0,18
0,982,443,42,16
1,691,443,0,8
1,825,80,0,17
0,609,443,22,7
0,1346,443,41,16
0,1500,443,74,15
0,1101,443,49,14
0,824,8080,33,35
0,543,80,42,8
0,201,80,34,6
0,511,53,1,7
0,582,80,37,9
0,366,80,77,6
0,1195,443,41,15
0,564,80,51,24
0,40,53,20,8
0,652,80,34,16
0,860,443,37,16
0,855,53,73,4
0,229,443,47,9
0,607,80,63,1
0,576,80,1,18
0,64,443,40,3
0,737,80,29,30
0,871,80,15,6
0,683,443,26,24
0,690,443,10,4
0,721,8080,45,5
1,937,80,0,16
0,670,80,48,12
0,918,443,1,1
0,40,80,56,20
0,844,80,64,1
0,40,443,58,22
0,1165,53,32,16
0,1263,53,1,13
0,1087,80,39,7
1,964,80,0,8
0,382,80,30,18
0,907,443,18,31
0,683,443,12,24
0,905,443,31,13
0,919,80,23,13
0,683,443,15,21
0,679,443,35,17
0,1081,443,36,11
0,834,80,36,4
0,731,443,51,3
0,839,53,52,7
2,808,80,0,34
0,1075,443,36,12
0,489,80,34,18
0,1066,443,59,5
0,1239,80,32,13
0,1157,80,40,6
0,1078,443,42,2
0,686,80,15,1
0,506,443,13,33
0,1500,80,54,25
0,624,53,59,21
0,85,80,85,2
0,1358,80,51,9
0,1053,443,30,10
0,527,443,39,11
0,40,443,61,16
1,564,443,0,11
0,40,80,44,15
0,1090,53,9,26
0,300,443,41,29
0,822,443,49,7
0,708,80,47,16
0,1127,443,1,22
0,974,443,13,7
0,877,53,40,6
0,1282,443,40,10
0,667,443,35,25
0,1193,80,78,25
0,660,443,59,14
0,991,8080,66,23
1,586,443,0,1
0,762,80,35,21
0,1483,443,18,6
0,499,443,12,24
0,864,443,57,23
0,84,80,44,29
0,297,443,18,9
0,774,443,39,26
0,153,80,12,12
0,982,80,50,25
2,572,443,0,15
0,263,53,17,13
0,438,80,29,18
0,855,443,19,12
0,1186,80,42,14
1,534,53,0,1
1,485,443,0,23
0,1243,80,58,28
0,508,53,48,17
0,723,80,28,8
0,844,443,58,11
0,931,80,48,17
0,40,80,39,25
0,805,53,36,12
1,1125,8080,0,21
0,1081,80,45,16
0,890,80,51,17
2,53,53,0,25
0,902,80,42,1
1,694,443,0,18
0,814,443,27,5
0,335,443,10,15
0,1288,443,21,19
0,867,80,29,7
0,1450,443,29,10
0,553,80,44,9
1,428,443,0,32
0,1331,53,1,1
0,1500,8080,65,21
2,607,80,0,11
0,800,80,68,1
0,1249,8080,69,4
0,549,443,47,11
0,1401,443,34,17
0,936,80,11,29
0,903,443,46,18
0,927,8080,47,22
0,284,80,28,35
0,978,443,24,15
0,943,80,32,17
0,1267,53,30,12
1,684,8080,0,21
0,789,443,43,7
2,915,443,0,15
1,508,443,0,1
0,640,8080,26,10
0,40,53,1,22
0,1359,53,21,14
2,368,80,0,20
0,1343,53,7,17
2,1376,443,0,6
0,548,80,36,2
0,1091,443,79,11
0,596,443,59,17
0,1055,443,25,35
0,569,8080,43,18
1,512,443,0,32
0,1249,80,35,16
0,1004,443,17,16
1,545,443,0,12
0,261,443,55,10
0,889,53,11,16
0,816,80,12,10
0,1071,80,27,29
1,1324,443,0,23
0,1179,80,2,27
0,699,443,28,10
0,728,443,74,8
0,788,443,68,28
0,579,443,5,14
0,1269,53,38,3
0,609,443,55,27
0,532,443,44,12
0,1213,53,34,11
2,372,443,0,10
0,686,443,55,10
0,792,80,24,18
0,929,443,31,1
0,494,53,51,13
0,547,443,45,1
0,995,443,47,22
0,535,443,42,12
0,1447,443,1,20
0,1114,80,38,17
0,1102,443,40,9
0,820,443,31,19
0,1146,443,48,27
0,1059,80,51,1
0,918,53,44,20
0,739,53,12,24
0,643,80,34,34
0,1500,53,50,12
0,40,443,52,22
0,516,443,39,22
0,1095,80,47,6
0,413,80,17,12
0,941,80,35,20
0,668,80,25,19
1,409,443,0,30
0,1016,80,9,24
0,631,80,60,11
0,573,443,12,4
0,741,80,33,23
0,471,53,47,13
0,1198,443,33,19
0,1078,80,1,26
0,1444,443,38,21
0,352,443,31,21
0,220,80,11,19
0,40,53,31,15
0,1500,443,3,14
0,216,443,44,7
0,768,53,59,12
0,180,443,64,9
0,1292,443,51,25
1,1013,443,0,29
2,40,443,0,1
2,1106,53,0,9
0,985,80,59,2
0,451,443,34,7
0,758,80,35,1
1,855,53,0,21
0,446,53,15,20
0,1135,53,48,18
0,1358,443,41,1
0,662,80,45,1
0,1081,80,54,15
0,1042,443,13,18
0,1045,80,50,9
0,1457,443,45,1
0,883,443,76,12
1,550,53,0,23
0,1500,80,60,15
0,1380,53,47,10
0,1103,443,34,15
0,63,8080,53,21
0,464,443,47,18
0,864,443,40,10
0,433,53,70,11
0,638,443,16,21
0,958,80,26,25
1,48,443,0,1
0,1500,443,48,7
2,1317,80,0,1
0,1064,53,1,12
0,1083,443,42,39
0,515,53,24,17
1,1082,53,0,26
2,764,443,0,17
0,1240,443,74,10
1,976,53,0,17
0,1352,80,57,30
0,679,80,45,23
0,733,80,50,7
0,1092,443,79,6
0,1424,53,20,28
0,926,80,40,13
0,783,443,10,31
0,1411,443,44,26
0,993,443,43,18
0,672,443,29,7
0,932,443,67,5
0,1052,80,54,1
0,1147,443,46,6
0,153,443,1,9
0,292,443,36,1
0,1224,80,8,25
0,849,443,49,24
1,848,80,0,12
1,1160,443,0,27
2,1124,443,0,3
0,999,443,40,16
0,1030,8080,52,15
0,495,443,29,7
0,1051,443,10,33
0,930,80,23,15
0,1224,80,48,11
0,108,80,61,27
0,1369,443,32,29
0,998,443,12,15
0,746,80,45,27
0,1017,80,67,14
0,797,443,28,12
0,761,80,39,6
0,881,443,4,6
0,1095,53,37,6
0,603,80,8,23
0,934,80,30,10
0,1500,443,41,8
0,653,443,35,28
0,675,53,44,1
0,40,53,2,1
0,1299,80,41,10
0,562,443,42,25
0,577,443,39,11
1,756,443,0,10
0,1269,443,43,29
0,1500,80,39,1
0,1500,53,60,25
0,913,53,29,10
0,1219,80,24,16
0,914,443,18,20
1,685,443,0,1
0,362,443,28,7
0,45,80,58,16
0,1148,443,29,23
0,1500,80,74,9
0,369,80,41,14
0,40,8080,11,4
0,1360,443,30,38
0,709,80,33,14
0,1042,443,18,10
1,1500,80,0,19
0,1043,80,1,8
2,798,443,0,3
0,868,53,39,12
0,58,443,42,24
0,562,53,38,20
0,1114,80,29,2
0,963,53,5,15
1,771,80,0,4
0,1105,53,52,1
1,969,8080,0,15
1,243,53,0,15
0,711,80,1,1
0,1245,80,15,15
0,1124,80,50,19
0,435,443,75,5
1,470,443,0,14
0,1197,443,44,16
0,650,443,98,19
0,587,443,48,40
0,993,443,47,13
0,483,80,40,12
0,655,80,40,4
0,1263,443,19,13
0,1012,80,29,17
0,619,53,26,33
0,675,80,49,18
0,142,8080,1,19
0,461,8080,64,13
0,781,443,10,5
0,1099,443,45,14
0,1345,80,47,6
1,1040,80,0,17
0,588,53,51,10
0,491,80,69,1
0,909,443,14,18
0,1361,8080,19,3
0,207,443,14,39
1,1152,443,0,9
0,748,80,27,32
0,922,80,75,17
0,505,80,28,14
0,798,53,1,18
2,1112,443,0,21
0,844,80,30,6
0,1500,443,30,1
0,1500,443,21,18
1,40,443,0,13
0,475,80,42,6
0,638,443,1,18
0,1019,443,37,15
2,614,80,0,23
1,1231,443,0,5
0,1199,80,35,31
0,217,53,31,38
1,384,80,0,21
1,1444,443,0,13
0,864,80,31,1
0,891,53,1,17
0,130,53,67,2
1,852,443,0,25
0,832,80,22,26
0,871,80,44,12
0,956,443,36,22
0,648,80,1,4
0,1253,443,43,1
0,817,443,32,1
0,547,80,11,11
1,621,53,0,13
0,1111,443,12,11
0,552,80,15,12
0,1288,443,36,23
0,291,53,36,16
0,737,53,25,28
0,855,53,44,24
0,1386,53,19,34
0,532,443,45,8
0,1236,80,40,15
0,40,80,3,30
0,373,53,82,5
0,1352,443,1,24
0,1266,80,27,16
0,514,443,55,28
0,1011,443,29,30
0,1074,53,53,13
0,888,443,19,14
0,1500,80,22,25
0,453,80,36,8
0,361,443,56,8
0,1120,443,37,38
0,1176,443,40,1
0,339,443,56,10
0,315,443,41,5
0,915,443,24,10
0,938,443,53,27
1,955,443,0,27
2,1161,80,0,10
0,580,80,38,5
0,736,443,49,17
0,803,80,18,13
0,1414,80,52,26
0,1171,443,39,21
0,902,443,9,22
0,851,443,27,17
0,40,443,53,1
0,306,443,1,30
0,303,443,46,8
0,712,8080,17,3
0,1006,53,8,16
1,976,80,0,13
0,811,80,43,13
0,237,80,45,1
0,854,80,1,7
0,665,443,62,19
0,789,8080,1,7
0,1200,443,43,18
0,789,80,58,13
2,284,443,0,7
0,1500,443,46,12
0,1500,443,54,22
0,1072,443,51,15
2,1500,443,0,1
0,1500,80,38,17
1,469,443,0,10
0,990,80,37,21
0,1500,443,43,21
0,878,53,23,1
0,865,80,34,4
0,597,443,53,16
0,875,443,24,4
0,305,80,12,7
0,942,443,56,14
0,1009,80,27,17
1,667,443,0,28
0,1330,443,21,24
0,983,80,32,22
0,1500,443,27,22
0,724,80,10,24
0,866,80,22,4
0,638,443,17,26
1,959,443,0,21
0,835,443,1,9
0,679,80,18,4
0,1199,443,58,9
0,612,80,40,21
0,1145,443,8,14
0,800,443,46,12
0,746,80,18,15
1,862,80,0,8
1,696,443,0,1
0,405,53,1,14
0,1312,443,34,12
0,1047,80,30,2
1,1376,443,0,7
0,653,443,50,7
0,1059,443,45,3
0,877,443,18,17
0,264,53,70,33
0,185,53,26,22
0,1056,443,18,24
0,1123,80,15,17
0,1061,443,9,24
0,664,80,35,11
0,1329,80,40,8
0,910,443,56,19
1,1279,443,0,18
0,540,53,44,13
1,350,443,0,23
0,395,8080,22,2
0,963,53,44,15
0,1064,53,63,1
0,1299,80,52,31
0,1048,80,27,18
0,445,443,40,5
0,1107,443,49,1
0,1064,443,45,22
0,888,80,62,18
0,453,443,11,1
0,1500,80,8,24
1,669,53,0,8
0,1017,80,55,25
